temperature,dpa
750.0,5.0
975.0,1.6666666666666667
525.0,5.0
300.0,1.6666666666666667
750.0,3.3333333333333335
1200.0,5.0
1200.0,0.0
300.0,3.3333333333333335
300.0,5.0
975.0,3.3333333333333335
525.0,0.0
525.0,3.3333333333333335
1200.0,3.3333333333333335
300.0,0.0
975.0,0.0
750.0,1.6666666666666667
